flight,date
BA1466,2026-09-03
BA249,2026-09-03
BA8454,2026-09-03
BA8708,2026-09-03
EI183,2026-09-03
KL992,2026-09-03
LX465,2026-09-03
AA109,2026-09-04
AC851,2026-09-04
AY1332,2026-09-04
BA143,2026-09-04
BA1466,2026-09-04
BA175,2026-09-04
BA207,2026-09-04
BA249,2026-09-04
BA4458,2026-09-04
BA4468,2026-09-04
BA584,2026-09-04
BA8453,2026-09-04
BA8454,2026-09-04
BA8708,2026-09-04
CX252,2026-09-04
EI183,2026-09-04
EK15,2026-09-04
EK16,2026-09-04
EK2,2026-09-04
KL991,2026-09-04
KL992,2026-09-04
LX464,2026-09-04
LX465,2026-09-04
MS784,2026-09-04
QR2,2026-09-04
SK502,2026-09-04
SV110,2026-09-04
UA900,2026-09-04
VS103,2026-09-04
AA109,2026-09-05
AC851,2026-09-05
AY1332,2026-09-05
BA143,2026-09-05
BA1466,2026-09-05
BA175,2026-09-05
BA207,2026-09-05
BA249,2026-09-05
BA584,2026-09-05
BA8453,2026-09-05
BA8454,2026-09-05
BA8708,2026-09-05
CX252,2026-09-05
EI183,2026-09-05
EK15,2026-09-05
EK16,2026-09-05
EK2,2026-09-05
KL991,2026-09-05
KL992,2026-09-05
LX464,2026-09-05
LX465,2026-09-05
MS784,2026-09-05
QR2,2026-09-05
SK502,2026-09-05
SV110,2026-09-05
UA900,2026-09-05
VS103,2026-09-05
